day_index,calendar,Sun_position_residual_km,Sun_velocity_residual_km_s,Earth_position_residual_km,Earth_velocity_residual_km_s,Moon_position_residual_km,Moon_velocity_residual_km_s
0,A.D. 2026-Jan-01 00:00:00.0000,0.0,0.0,0.0,0.0,0.0,0.0
1,A.D. 2026-Jan-02 00:00:00.0000,0.0,0.0,0.4817702143485025,1.1259662724565803e-05,0.4197370569145271,1.0755406443695545e-05
2,A.D. 2026-Jan-03 00:00:00.0000,0.0,0.0,1.9360088822608543,2.2587961199733518e-05,1.599401529697284,2.128983043419399e-05
3,A.D. 2026-Jan-04 00:00:00.0000,0.0,0.0,4.371768201325089,3.3989180020730496e-05,3.8038509257931774,3.130385055438053e-05
4,A.D. 2026-Jan-05 00:00:00.0000,0.0,0.0,7.79552851247717,4.5465315824148205e-05,6.968346221807629,4.06872804850152e-05
5,A.D. 2026-Jan-06 00:00:00.0000,0.0,0.0,12.2139877791836,5.7014919490005017e-05,11.02791972274381,4.9640441204854565e-05
6,A.D. 2026-Jan-07 00:00:00.0000,0.0,0.0,17.63367492207677,6.863369244750837e-05,15.941174953502335,5.8659956509891754e-05
7,A.D. 2026-Jan-08 00:00:00.0000,0.0,0.0,24.060670616098452,8.031608797674179e-05,21.711465760459593,6.839668257552345e-05
8,A.D. 2026-Jan-09 00:00:00.0000,0.0,0.0,31.500513090817506,9.205690659910098e-05,28.396355641137614,7.945823432439998e-05
9,A.D. 2026-Jan-10 00:00:00.0000,0.0,0.0,39.95826285264592,0.00010385234163226238,36.102997275712255,9.225359860905151e-05
10,A.D. 2026-Jan-11 00:00:00.0000,0.0,0.0,49.43865994837249,0.00011570045103602679,44.972862088300374,0.00010693614040938327
11,A.D. 2026-Jan-12 00:00:00.0000,0.0,0.0,59.946314979620674,0.00012760127036490765,55.161208127183,0.0001234291232162772
12,A.D. 2026-Jan-13 00:00:00.0000,0.0,0.0,71.48590442764382,0.00013955679168591023,66.81602782749061,0.00014148150449501114
13,A.D. 2026-Jan-14 00:00:00.0000,0.0,0.0,84.0623578943706,0.00015157095939773846,80.0593728969766,0.00016071517876401438
14,A.D. 2026-Jan-15 00:00:00.0000,0.0,0.0,97.6810417087035,0.00016364971470324142,94.97217977678864,0.0001806532396731958
15,A.D. 2026-Jan-16 00:00:00.0000,0.0,0.0,112.34793477048981,0.0001758008850406608,111.58277506005285,0.00020073647635262095
16,A.D. 2026-Jan-17 00:00:00.0000,0.0,0.0,128.0697743812483,0.00018803381237594223,129.85921495331849,0.0002203406122730709
17,A.D. 2026-Jan-18 00:00:00.0000,0.0,0.0,144.85415480308936,0.00020035865009100494,149.70613883660812,0.0002388049724778087
18,A.D. 2026-Jan-19 00:00:00.0000,0.0,0.0,162.70953117146325,0.00021278512415730656,170.9672189811052,0.00025547783193338687
19,A.D. 2026-Jan-20 00:00:00.0000,0.0,0.0,181.6451003004909,0.00022532098548741074,193.43415642761568,0.00026977701235921534
20,A.D. 2026-Jan-21 00:00:00.0000,0.0,0.0,201.67054281249642,0.00023797042960380267,216.8622740896619,0.000281257195993036
21,A.D. 2026-Jan-22 00:00:00.0000,0.0,0.0,222.7956458278056,0.00025073290752470375,240.99137843608528,0.0002896711805901756
22,A.D. 2026-Jan-23 00:00:00.0000,0.0,0.0,245.02985743638143,0.00026360266893284736,265.56929550799657,0.0002950130227656556
23,A.D. 2026-Jan-24 00:00:00.0000,0.0,0.0,268.3818414348465,0.00027656914152358636,290.3749605726773,0.00029753682316320025
24,A.D. 2026-Jan-25 00:00:00.0000,0.0,0.0,292.85909636852205,0.0002896179660046409,315.23838489185374,0.0002977526614011421
25,A.D. 2026-Jan-26 00:00:00.0000,0.0,0.0,318.4676790009648,0.00030273233078909826,340.055913388985,0.0002964060353556635
26,A.D. 2026-Jan-27 00:00:00.0000,0.0,0.0,345.2120436009153,0.0003158942585559941,364.80023896453963,0.000294445270420158
27,A.D. 2026-Jan-28 00:00:00.0000,0.0,0.0,373.09498996948827,0.0003290856430108453,389.52506093242334,0.00029297248738031505
28,A.D. 2026-Jan-29 00:00:00.0000,0.0,0.0,402.1177067916415,0.0003422890162334961,414.36396786348973,0.00029316307797493015
29,A.D. 2026-Jan-30 00:00:00.0000,0.0,0.0,432.2798969876187,0.00035548813717984766,439.5226589627753,0.0002961378504562983
30,A.D. 2026-Jan-31 00:00:00.0000,0.0,0.0,463.57996961019114,0.0003686684797843867,465.26391425520035,0.0003027941251132319
31,A.D. 2026-Feb-01 00:00:00.0000,0.0,0.0,496.01526513645246,0.00038181759102794713,491.8863393262588,0.0003136440965693791
32,A.D. 2026-Feb-02 00:00:00.0000,0.0,0.0,529.5822685669763,0.0003949251832868279,519.7002143939685,0.0003287356517519336
33,A.D. 2026-Feb-03 00:00:00.0000,0.0,0.0,564.2767591097661,0.0004079827992162406,549.0051246346503,0.0003477017049557795
34,A.D. 2026-Feb-04 00:00:00.0000,0.0,0.0,600.0938693624341,0.00042098306254040747,580.0732425725547,0.0003699114411280566
35,A.D. 2026-Feb-05 00:00:00.0000,0.0,0.0,637.0280550892542,0.00043391874471103404,613.1396374339542,0.00039464534549992565
36,A.D. 2026-Feb-06 00:00:00.0000,0.0,0.0,675.0730085531675,0.0004467819761807505,648.3984486693142,0.000421224229068102
37,A.D. 2026-Feb-07 00:00:00.0000,0.0,0.0,714.2215523045405,0.00045956384758493195,686.0023809912369,0.0004490663955991353
38,A.D. 2026-Feb-08 00:00:00.0000,0.0,0.0,754.4655497078064,0.0004722544827451162,726.0628607793403,0.00047768429650880896
39,A.D. 2026-Feb-09 00:00:00.0000,0.0,0.0,795.7958594659176,0.00048484351387200543,768.6487694956907,0.0005066454940386413
40,A.D. 2026-Feb-10 00:00:00.0000,0.0,0.0,838.2023514328249,0.000497320837190202,813.7824326148802,0.000535519554997389
41,A.D. 2026-Feb-11 00:00:00.0000,0.0,0.0,881.6739960354968,0.0005096775208099906,861.4322939347577,0.000563824736200203
42,A.D. 2026-Feb-12 00:00:00.0000,0.0,0.0,926.1990291706367,0.0005219067237161072,911.5025097100705,0.0005909831141623867
43,A.D. 2026-Feb-13 00:00:00.0000,0.0,0.0,971.765182022798,0.0005340044408482504,963.8207072109037,0.0006162918518268208
44,A.D. 2026-Feb-14 00:00:00.0000,0.0,0.0,1018.3599465347511,0.0005459698225025998,1018.1264804797892,0.0006389202760972248
45,A.D. 2026-Feb-15 00:00:00.0000,0.0,0.0,1065.9708207311796,0.0005578047701109077,1074.0647088913927,0.0006579445272451743
46,A.D. 2026-Feb-16 00:00:00.0000,0.0,0.0,1114.5854558992237,0.000569512563283192,1131.1889516048736,0.0006724298975060031
47,A.D. 2026-Feb-17 00:00:00.0000,0.0,0.0,1164.1916182385469,0.0005810955166010427,1188.9800084509113,0.0006815617175948016
48,A.D. 2026-Feb-18 00:00:00.0000,0.0,0.0,1214.7769088865457,0.0005925521540067483,1246.8821733111013,0.000684807578707282
49,A.D. 2026-Feb-19 00:00:00.0000,0.0,0.0,1266.328254530197,0.000603874826670815,1304.3544832746854,0.0006820718712102583
50,A.D. 2026-Feb-20 00:00:00.0000,0.0,0.0,1318.831280386408,0.0006150488512227911,1360.927931329504,0.0006737909690713716
51,A.D. 2026-Feb-21 00:00:00.0000,0.0,0.0,1372.2697386983637,0.0006260537079413374,1416.2554577466874,0.0006609277481622659
52,A.D. 2026-Feb-22 00:00:00.0000,0.0,0.0,1426.6251674388757,0.0006368659627043853,1470.1427146071708,0.0006448603985164095
53,A.D. 2026-Feb-23 00:00:00.0000,0.0,0.0,1481.8768565350674,0.0006474625991412283,1522.5543709922074,0.0006272059035403587
54,A.D. 2026-Feb-24 00:00:00.0000,0.0,0.0,1538.002069194453,0.0006578234065621035,1573.5996534284993,0.0006096460689193932
55,A.D. 2026-Feb-25 00:00:00.0000,0.0,0.0,1594.976382230347,0.0006679316998841931,1623.5070332710782,0.0005938136197004997
56,A.D. 2026-Feb-26 00:00:00.0000,0.0,0.0,1652.7739997536264,0.0006777735858085141,1672.5985402605356,0.0005812500659666154
57,A.D. 2026-Feb-27 00:00:00.0000,0.0,0.0,1711.367958533418,0.0006873366645529579,1721.2696898506122,0.0005733900013569101
58,A.D. 2026-Feb-28 00:00:00.0000,0.0,0.0,1770.7302359946361,0.0006966091730131991,1769.9745326149518,0.0005714955479578834
59,A.D. 2026-Mar-01 00:00:00.0000,0.0,0.0,1830.8318324713757,0.0007055801578954541,1819.2104818307048,0.000576493966737149
60,A.D. 2026-Mar-02 00:00:00.0000,0.0,0.0,1891.6429107313475,0.0007142405673176336,1869.4968691746526,0.0005887606220488545
61,A.D. 2026-Mar-03 00:00:00.0000,0.0,0.0,1953.1330262430035,0.0007225845415706546,1921.3449158540263,0.0006079739822585044
62,A.D. 2026-Mar-04 00:00:00.0000,0.0,0.0,2015.2714134172415,0.000730610036355767,1975.2226660738522,0.0006331579648523114
63,A.D. 2026-Mar-05 00:00:00.0000,0.0,0.0,2078.0272459843914,0.0007383183185631371,2031.5226302167314,0.0006629116961769381
64,A.D. 2026-Mar-06 00:00:00.0000,0.0,0.0,2141.3697948516256,0.0007457126091596912,2090.539703380501,0.0006957135514439618
65,A.D. 2026-Mar-07 00:00:00.0000,0.0,0.0,2205.268457827549,0.0007527964738835422,2152.4627526764607,0.0007301693728972217
66,A.D. 2026-Mar-08 00:00:00.0000,0.0,0.0,2269.6926866350263,0.0007595726702932831,2217.377947732091,0.0007651385783436806
67,A.D. 2026-Mar-09 00:00:00.0000,0.0,0.0,2334.611876784084,0.0007660427818838738,2285.2783521037754,0.0007997428177026614
68,A.D. 2026-Mar-10 00:00:00.0000,0.0,0.0,2399.9952868309933,0.0007722076327091467,2356.073534679677,0.0008332970882090818
69,A.D. 2026-Mar-11 00:00:00.0000,0.0,0.0,2465.8120379461307,0.0007780682695310869,2429.594321036739,0.0008652050732591512
70,A.D. 2026-Mar-12 00:00:00.0000,0.0,0.0,2532.0312179852394,0.0007836272388511708,2505.590081553931,0.0008948483739541029
71,A.D. 2026-Mar-13 00:00:00.0000,0.0,0.0,2598.622089537165,0.0007888898710993909,2583.71839997768,0.0009214882769399728
72,A.D. 2026-Mar-14 00:00:00.0000,0.0,0.0,2665.5543704625366,0.0007938652354504282,2663.529511552941,0.0009441949809625223
73,A.D. 2026-Mar-15 00:00:00.0000,0.0,0.0,2732.798518117176,0.0007985663085032145,2744.4508278754506,0.0009618227101871455
74,A.D. 2026-Mar-16 00:00:00.0000,0.0,0.0,2800.325904926326,0.0008030087728238916,2825.780173971816,0.0009730556275322972
75,A.D. 2026-Mar-17 00:00:00.0000,0.0,0.0,2868.1087313716616,0.0008072079186728695,2906.699096475405,0.0009765505679302112
76,A.D. 2026-Mar-18 00:00:00.0000,0.0,0.0,2936.119519011978,0.0008111736294940564,2986.3173382669706,0.0009711865590241928
77,A.D. 2026-Mar-19 00:00:00.0000,0.0,0.0,3004.3301120044675,0.0008149045124994717,3063.753129544669,0.0009563889742191325
78,A.D. 2026-Mar-20 00:00:00.0000,0.0,0.0,3072.710301269333,0.0008183834938260514,3138.240034263932,0.0009324359305976524
79,A.D. 2026-Mar-21 00:00:00.0000,0.0,0.0,3141.226421045008,0.0008215775907166421,3209.2343182469604,0.0009006126959022825
80,A.D. 2026-Mar-22 00:00:00.0000,0.0,0.0,3209.840395554376,0.0008244430640994853,3276.488103657085,0.0008631067590137811
81,A.D. 2026-Mar-23 00:00:00.0000,0.0,0.0,3278.5095897918413,0.000826934194141818,3340.062850516341,0.0008226472337197709
82,A.D. 2026-Mar-24 00:00:00.0000,0.0,0.0,3347.1874762693515,0.0008290117758791961,3400.2827967352578,0.0007820289489500268
83,A.D. 2026-Mar-25 00:00:00.0000,0.0,0.0,3415.8247822142985,0.0008306478123981979,3457.6532242445055,0.0007437239841548005
84,A.D. 2026-Mar-26 00:00:00.0000,0.0,0.0,3484.3706545955847,0.0008318254514437405,3512.777672435326,0.0007097203422548361
85,A.D. 2026-Mar-27 00:00:00.0000,0.0,0.0,3552.7735135672765,0.0008325357657997399,3566.2985953843845,0.0006815834823081382
86,A.D. 2026-Mar-28 00:00:00.0000,0.0,0.0,3620.9815128746723,0.0008327739239311775,3618.867468800061,0.0006606089494093035
87,A.D. 2026-Mar-29 00:00:00.0000,0.0,0.0,3688.942726378286,0.0008325366674416269,3671.1350873471447,0.0006478976540573487
88,A.D. 2026-Mar-30 00:00:00.0000,0.0,0.0,3756.60525468944,0.0008318217640274835,3723.7467889474897,0.0006442560352946547
89,A.D. 2026-Mar-31 00:00:00.0000,0.0,0.0,3823.9174069930623,0.0008306290152503725,3777.3301275839035,0.0006499628707370437
90,A.D. 2026-Apr-01 00:00:00.0000,0.0,0.0,3890.8280158631383,0.0008289618159061284,3832.4702994750432,0.0006645648805101667
91,A.D. 2026-Apr-02 00:00:00.0000,0.0,0.0,3957.286843056537,0.000826828239130028,3889.676945692276,0.0006868648827374773
92,A.D. 2026-Apr-03 00:00:00.0000,0.0,0.0,4023.244975507268,0.0008242410402898128,3949.3511204693723,0.0007151376417399722
93,A.D. 2026-Apr-04 00:00:00.0000,0.0,0.0,4088.6551139154913,0.0008212165848785573,4011.761439731393,0.0007474652323994746
94,A.D. 2026-Apr-05 00:00:00.0000,0.0,0.0,4153.471703054322,0.0008177731983007962,4077.0344177399193,0.0007820424107423174
95,A.D. 2026-Apr-06 00:00:00.0000,0.0,0.0,4217.650917936931,0.0008139295987617749,4145.158318959404,0.000817359965118496
96,A.D. 2026-Apr-07 00:00:00.0000,0.0,0.0,4281.150568288536,0.0008097039538161321,4215.995298014321,0.000852252374879258
97,A.D. 2026-Apr-08 00:00:00.0000,0.0,0.0,4343.9300061175945,0.0008051137875476387,4289.294669027819,0.0008858421808102628
98,A.D. 2026-Apr-09 00:00:00.0000,0.0,0.0,4405.950107642007,0.0008001768207030793,4364.700767542914,0.0009174236715726497
99,A.D. 2026-Apr-10 00:00:00.0000,0.0,0.0,4467.173383752827,0.0007949124495106337,4441.751169145009,0.0009463201139766226
100,A.D. 2026-Apr-11 00:00:00.0000,0.0,0.0,4527.564222822835,0.0007893436628565353,4519.864189973598,0.0009717386563730134
101,A.D. 2026-Apr-12 00:00:00.0000,0.0,0.0,4587.089236072994,0.0007834990265200791,4598.318535852235,0.0009926436166209128
102,A.D. 2026-Apr-13 00:00:00.0000,0.0,0.0,4645.717605144639,0.0007774139438659738,4676.232984554999,0.0010076751532656738
103,A.D. 2026-Apr-14 00:00:00.0000,0.0,0.0,4703.421248646833,0.000771130142423756,4752.560106870463,0.001015154251545558
104,A.D. 2026-Apr-15 00:00:00.0000,0.0,0.0,4760.1745493924755,0.0007646920869248559,4826.113546516488,0.001013225706319147
105,A.D. 2026-Apr-16 00:00:00.0000,0.0,0.0,4815.953376441607,0.0007581394868614973,4895.648455310738,0.0010001773825505035
106,A.D. 2026-Apr-17 00:00:00.0000,0.0,0.0,4870.7332950213695,0.0007514969357937202,4960.0022289854805,0.0009749123019862198
107,A.D. 2026-Apr-18 00:00:00.0000,0.0,0.0,4924.487235835548,0.0007447646598067566,5018.274466298736,0.0009374409245050362
108,A.D. 2026-Apr-19 00:00:00.0000,0.0,0.0,4977.183345687189,0.0007379161033472591,5069.991712647578,0.000889166227148424
109,A.D. 2026-Apr-20 00:00:00.0000,0.0,0.0,5028.783919624661,0.0007309057289523459,5115.190057828721,0.0008327608791833972
110,A.D. 2026-Apr-21 00:00:00.0000,0.0,0.0,5079.2459211476125,0.0007236842689793262,5154.377767879386,0.0007716289623935107
111,A.D. 2026-Apr-22 00:00:00.0000,0.0,0.0,5128.522819386002,0.0007162137972858575,5188.398070198339,0.0007091883834984248
112,A.D. 2026-Apr-23 00:00:00.0000,0.0,0.0,5176.566887823918,0.0007084756949525974,5218.256743635584,0.000648307830131717
113,A.D. 2026-Apr-24 00:00:00.0000,0.0,0.0,5223.331087063192,0.0007004700239705538,5244.9799715745985,0.0005911130108121361
114,A.D. 2026-Apr-25 00:00:00.0000,0.0,0.0,5268.770127262502,0.0006922097259469072,5269.5342671329845,0.0005391572667127599
115,A.D. 2026-Apr-26 00:00:00.0000,0.0,0.0,5312.840783246572,0.0006837139594643429,5292.803117949869,0.0004937879841828624
116,A.D. 2026-Apr-27 00:00:00.0000,0.0,0.0,5355.501790356722,0.0006750034094517168,5315.595342471943,0.00045648528561210554
117,A.D. 2026-Apr-28 00:00:00.0000,0.0,0.0,5396.713651797576,0.0006660983179096956,5338.6592005937055,0.0004289634232424908
118,A.D. 2026-Apr-29 00:00:00.0000,0.0,0.0,5436.438568644134,0.000657018703005862,5362.6854945178475,0.0004128908295949495
119,A.D. 2026-Apr-30 00:00:00.0000,0.0,0.0,5474.6405566552185,0.0006477857571954906,5388.294170624547,0.0004092739099526722
120,A.D. 2026-May-01 00:00:00.0000,0.0,0.0,5511.2857095192285,0.0006384234333361464,5416.007948294712,0.00041786626478398616
121,A.D. 2026-May-02 00:00:00.0000,0.0,0.0,5546.342507005905,0.0006289594937022382,5446.221562768258,0.00043707955335877037
122,A.D. 2026-May-03 00:00:00.0000,0.0,0.0,5579.782064516336,0.0006194256710372154,5479.175986760812,0.0004644812543642433
123,A.D. 2026-May-04 00:00:00.0000,0.0,0.0,5611.578251495978,0.0006098569756667136,5514.944172625732,0.0004974883441204228
124,A.D. 2026-May-05 00:00:00.0000,0.0,0.0,5641.707665937345,0.0006002904778883233,5553.430005980658,0.000533862623478503
125,A.D. 2026-May-06 00:00:00.0000,0.0,0.0,5670.1495035338,0.0005907640304993875,5594.377302068003,0.000571906151060159
126,A.D. 2026-May-07 00:00:00.0000,0.0,0.0,5696.885397161318,0.0005813153756954609,5637.38246306771,0.0006104424233322208
127,A.D. 2026-May-08 00:00:00.0000,0.0,0.0,5721.899312726226,0.0005719819649389609,5681.903592596626,0.0006486883591501671
128,A.D. 2026-May-09 00:00:00.0000,0.0,0.0,5745.177568062528,0.0005628016860361202,5727.260340830661,0.000686081452892558
129,A.D. 2026-May-10 00:00:00.0000,0.0,0.0,5766.709008312985,0.0005538146874637048,5772.622162168426,0.0007220920262523487
130,A.D. 2026-May-11 00:00:00.0000,0.0,0.0,5786.48530228048,0.0005450659560943029,5816.987926822347,0.0007560358119577406
131,A.D. 2026-May-12 00:00:00.0000,0.0,0.0,5804.501235064473,0.0005366086313522423,5859.167227716765,0.0007869064594814912
132,A.D. 2026-May-13 00:00:00.0000,0.0,0.0,5820.754750032874,0.0005285068313625883,5897.7829440440355,0.0008132658147606735
133,A.D. 2026-May-14 00:00:00.0000,0.0,0.0,5835.2463757757005,0.0005208358022897107,5931.3227110658845,0.0008332549272263163
134,A.D. 2026-May-15 00:00:00.0000,0.0,0.0,5847.977681741204,0.0005136771045938729,5958.265969055101,0.0008447984155445747
135,A.D. 2026-May-16 00:00:00.0000,0.0,0.0,5858.9486837091235,0.0005071072693000104,5977.291916217671,0.0008460308307792724
136,A.D. 2026-May-17 00:00:00.0000,0.0,0.0,5868.154724488369,0.0005011822552242483,5987.5282842889965,0.0008358548455196184
137,A.D. 2026-May-18 00:00:00.0000,0.0,0.0,5875.584005567208,0.0004959250635723581,5988.752489811452,0.0008143981954863474
138,A.D. 2026-May-19 00:00:00.0000,0.0,0.0,5881.217035839178,0.0004913247391370003,5981.449780500718,0.0007831033781384346
139,A.D. 2026-May-20 00:00:00.0000,0.0,0.0,5885.0284457239995,0.00048734853906029344,5966.693583782882,0.0007443547269532344
140,A.D. 2026-May-21 00:00:00.0000,0.0,0.0,5886.990372603154,0.00048396017667230197,5945.905243753038,0.0007008188345887846
141,A.D. 2026-May-22 00:00:00.0000,0.0,0.0,5887.075955993819,0.000481134232642666,5920.601143698431,0.0006548173513470047
142,A.D. 2026-May-23 00:00:00.0000,0.0,0.0,5885.261802877243,0.00047886155876659134,5892.213105165815,0.0006079665175912017
143,A.D. 2026-May-24 00:00:00.0000,0.0,0.0,5881.529105245945,0.00047714663196790066,5862.007330746742,0.0005611246516233967
144,A.D. 2026-May-25 00:00:00.0000,0.0,0.0,5875.863722601169,0.00047600131861858235,5831.078549875407,0.000514551992744583
145,A.D. 2026-May-26 00:00:00.0000,0.0,0.0,5868.255767198428,0.0004754386266628418,5800.3796174846975,0.00046815881143363533
146,A.D. 2026-May-27 00:00:00.0000,0.0,0.0,5858.699114926346,0.0004754679753900342,5770.75358402836,0.0004217576401487092
147,A.D. 2026-May-28 00:00:00.0000,0.0,0.0,5847.191081976082,0.00047609251715800854,5742.9497932390705,0.000375289612297013
148,A.D. 2026-May-29 00:00:00.0000,0.0,0.0,5833.732342818123,0.0004773081469107271,5717.618614988109,0.0003290398071266689
149,A.D. 2026-May-30 00:00:00.0000,0.0,0.0,5818.327052546488,0.00047910374584157544,5695.288363772164,0.00028389711554254154
150,A.D. 2026-May-31 00:00:00.0000,0.0,0.0,5800.983084931502,0.00048146217624536183,5676.332939742947,0.00024176234514851694
151,A.D. 2026-Jun-01 00:00:00.0000,0.0,0.0,5781.712278636181,0.0004843615772603908,5660.940282337687,0.00020621768549669418
152,A.D. 2026-Jun-02 00:00:00.0000,0.0,0.0,5760.530603641232,0.0004877765653944275,5649.090222708266,0.0001831630322184223
153,A.D. 2026-Jun-03 00:00:00.0000,0.0,0.0,5737.458200849372,0.0004916790441771548,5640.546407637865,0.00017949662477936514
154,A.D. 2026-Jun-04 00:00:00.0000,0.0,0.0,5712.5193025648305,0.0004960384847138143,5634.861905352765,0.00019805808877618406
155,A.D. 2026-Jun-05 00:00:00.0000,0.0,0.0,5685.742087280225,0.0005008217272793032,5631.393568335451,0.00023516474508050896
156,A.D. 2026-Jun-06 00:00:00.0000,0.0,0.0,5657.158548871837,0.0005059925408187148,5629.31773080953,0.00028510776279554455
157,A.D. 2026-Jun-07 00:00:00.0000,0.0,0.0,5626.804454386021,0.000511511347572577,5627.640223819985,0.0003437838256243351
158,A.D. 2026-Jun-08 00:00:00.0000,0.0,0.0,5594.719421924304,0.0005173356904009915,5625.1972647832035,0.0004088611877128349
159,A.D. 2026-Jun-09 00:00:00.0000,0.0,0.0,5560.947068147531,0.0005234221978164797,5620.650476418272,0.000478944705701903
160,A.D. 2026-Jun-10 00:00:00.0000,0.0,0.0,5525.535051794536,0.0005297308808330148,5612.488856583774,0.0005528386659388451
161,A.D. 2026-Jun-11 00:00:00.0000,0.0,0.0,5488.534691027159,0.0005362321104437678,5599.061467049568,0.0006290040813151634
162,A.D. 2026-Jun-12 00:00:00.0000,0.0,0.0,5449.99973839077,0.0005429157411849032,5578.671888146816,0.0007051983817487911
163,A.D. 2026-Jun-13 00:00:00.0000,0.0,0.0,5409.983969483971,0.0005497986624750143,5549.758585924919,0.0007783681834052317
164,A.D. 2026-Jun-14 00:00:00.0000,0.0,0.0,5368.537717922481,0.0005569252825456672,5511.152567673295,0.0008449045134587597
165,A.D. 2026-Jun-15 00:00:00.0000,0.0,0.0,5325.704240836426,0.0005643559069049077,5462.347502839821,0.0009012758314486216
166,A.D. 2026-Jun-16 00:00:00.0000,0.0,0.0,5281.517443258565,0.0005721441240830085,5403.671894373716,0.0009448376185009303
167,A.D. 2026-Jun-17 00:00:00.0000,0.0,0.0,5236.002243238101,0.0005803136308596351,5336.269096176209,0.0009744404452016859
168,A.D. 2026-Jun-18 00:00:00.0000,0.0,0.0,5189.177604038451,0.0005888473265807282,5261.880603379242,0.0009905242104759958
169,A.D. 2026-Jun-19 00:00:00.0000,0.0,0.0,5141.06087975017,0.0005976932960910445,5182.528713693914,0.0009946891224184983
170,A.D. 2026-Jun-20 00:00:00.0000,0.0,0.0,5091.671714587985,0.0006067812638023511,5100.226899577459,0.0009890176563821618
171,A.D. 2026-Jun-21 00:00:00.0000,0.0,0.0,5041.034431765661,0.0006160391958096202,5016.798489272271,0.0009754700576772823
172,A.D. 2026-Jun-22 00:00:00.0000,0.0,0.0,4989.178848335382,0.0006254036246914663,4933.811333891171,0.0009555282129290531
173,A.D. 2026-Jun-23 00:00:00.0000,0.0,0.0,4936.140061218685,0.0006348229182962979,4852.590057718471,0.000930092734918862
174,A.D. 2026-Jun-24 00:00:00.0000,0.0,0.0,4881.957839538265,0.0006442558199903245,4774.258707590888,0.0008995520752060278
175,A.D. 2026-Jun-25 00:00:00.0000,0.0,0.0,4826.676070574708,0.0006536679669214791,4699.779027858061,0.0008639364161545812
176,A.D. 2026-Jun-26 00:00:00.0000,0.0,0.0,4770.342481716854,0.000663028063050001,4629.966389769506,0.0008230975325518046
177,A.D. 2026-Jun-27 00:00:00.0000,0.0,0.0,4713.008692546726,0.0006723046548265566,4565.478866865954,0.0007768855351711523
178,A.D. 2026-Jun-28 00:00:00.0000,0.0,0.0,4654.730545313032,0.000681463969819486,4506.784058011779,0.0007253125866433619
179,A.D. 2026-Jun-29 00:00:00.0000,0.0,0.0,4595.568606871879,0.0006904689374540271,4454.1139887442405,0.000668705827147714
180,A.D. 2026-Jun-30 00:00:00.0000,0.0,0.0,4535.5887063451355,0.0006992793847548004,4407.421281106173,0.000607864174710834
181,A.D. 2026-Jul-01 00:00:00.0000,0.0,0.0,4474.862380353958,0.0007078531806677893,4366.349457935456,0.0005442561759607253
182,A.D. 2026-Jul-02 00:00:00.0000,0.0,0.0,4413.467126951271,0.0007161479081394457,4330.226440758174,0.0004803367597045578
183,A.D. 2026-Jul-03 00:00:00.0000,0.0,0.0,4351.486431665444,0.0007241224977730961,4298.0837329312135,0.00042010953920259035
184,A.D. 2026-Jul-04 00:00:00.0000,0.0,0.0,4289.009591356395,0.0007317382769854798,4268.69654867325,0.0003699945724630643
185,A.D. 2026-Jul-05 00:00:00.0000,0.0,0.0,4226.131413292777,0.0007389591143422638,4240.63502858756,0.0003393598680689367
186,A.D. 2026-Jul-06 00:00:00.0000,0.0,0.0,4162.951872847404,0.0007457507386814336,4212.315974529154,0.0003382638841346269
187,A.D. 2026-Jul-07 00:00:00.0000,0.0,0.0,4099.575765221861,0.0007520798112144621,4182.049092739169,0.0003711412700977284
188,A.D. 2026-Jul-08 00:00:00.0000,0.0,0.0,4036.1122817860205,0.0007579138494948612,4148.080799305204,0.0004337227937981747
189,A.D. 2026-Jul-09 00:00:00.0000,0.0,0.0,3972.674304349968,0.0007632234982470915,4108.649963764833,0.0005177444210881229
190,A.D. 2026-Jul-10 00:00:00.0000,0.0,0.0,3909.377091705692,0.0007679885575556657,4062.079314713011,0.00061548656688541
191,A.D. 2026-Jul-11 00:00:00.0000,0.0,0.0,3846.336049130416,0.000772207962103704,4006.926346788429,0.0007204589786981406
192,A.D. 2026-Jul-12 00:00:00.0000,0.0,0.0,3783.6635567805774,0.000775911053798615,3942.199124947204,0.0008266806810048342
193,A.D. 2026-Jul-13 00:00:00.0000,0.0,0.0,3721.465447288776,0.000779163916539361,3867.601598114382,0.000928293560094139
194,A.D. 2026-Jul-14 00:00:00.0000,0.0,0.0,3659.838396531929,0.0007820633139565972,3783.7255376417393,0.0010198536133088347
195,A.D. 2026-Jul-15 00:00:00.0000,0.0,0.0,3598.869662024325,0.0007847162165178895,3692.090776384249,0.0010970439938494643
196,A.D. 2026-Jul-16 00:00:00.0000,0.0,0.0,3538.6397425581126,0.0007872124985534842,3594.9847022296544,0.0011573259295961954
197,A.D. 2026-Jul-17 00:00:00.0000,0.0,0.0,3479.2271077035953,0.0007896044176614206,3495.1468164819835,0.00120012154862495
198,A.D. 2026-Jul-18 00:00:00.0000,0.0,0.0,3420.713158159343,0.000791902018918303,3395.415123565216,0.001226445881702992
199,A.D. 2026-Jul-19 00:00:00.0000,0.0,0.0,3363.185785017234,0.0007940828644417662,3298.4466200422694,0.001238218093829698
200,A.D. 2026-Jul-20 00:00:00.0000,0.0,0.0,3306.740918333077,0.0007961076228475336,3206.561070933312,0.0012375709557039614
201,A.D. 2026-Jul-21 00:00:00.0000,0.0,0.0,3251.4824101430145,0.0007979336507344184,3121.6915228537055,0.0012263637350702751
202,A.D. 2026-Jul-22 00:00:00.0000,0.0,0.0,3197.520994761776,0.0007995230745242469,3045.3930677806115,0.0012059435074372221
203,A.D. 2026-Jul-23 00:00:00.0000,0.0,0.0,3144.9729934031875,0.0008008455577214247,2978.862904837066,0.0011771024386134778
204,A.D. 2026-Jul-24 00:00:00.0000,0.0,0.0,3093.959166589838,0.0008018774409917937,2922.9425092714428,0.0011401555969553032
205,A.D. 2026-Jul-25 00:00:00.0000,0.0,0.0,3044.6038656116907,0.000802598948887549,2878.0925845732495,0.0010950805565578092
206,A.D. 2026-Jul-26 00:00:00.0000,0.0,0.0,2997.0344585322878,0.0008029906669959919,2844.3474127323448,0.0010416843721160099
207,A.D. 2026-Jul-27 00:00:00.0000,0.0,0.0,2951.3808963340357,0.0008030300814921902,2821.2658738730224,0.0009797806306640873
208,A.D. 2026-Jul-28 00:00:00.0000,0.0,0.0,2907.7752258505607,0.0008026888536016609,2807.901319232932,0.0009093672257338772
209,A.D. 2026-Jul-29 00:00:00.0000,0.0,0.0,2866.350799256533,0.0008019313880272793,2802.81086632351,0.0008307989689583406
210,A.D. 2026-Jul-30 00:00:00.0000,0.0,0.0,2827.2409646109777,0.0008007150947945026,2804.1164864151665,0.0007449573349601775
211,A.D. 2026-Jul-31 00:00:00.0000,0.0,0.0,2790.5770770613585,0.0007989924021165036,2809.617205693044,0.0006534457866372672
212,A.D. 2026-Aug-01 00:00:00.0000,0.0,0.0,2756.4858080743634,0.0007967141003438227,2816.9380061011325,0.000558907874155266
213,A.D. 2026-Aug-02 00:00:00.0000,0.0,0.0,2725.085888419203,0.0007938330892458398,2823.691712925841,0.00046572237952098003
214,A.D. 2026-Aug-03 00:00:00.0000,0.0,0.0,2696.4845475528587,0.0007903074560839276,2827.6291506330786,0.00038161098611465966
215,A.D. 2026-Aug-04 00:00:00.0000,0.0,0.0,2670.773950273722,0.0007861021343127751,2826.7608345133663,0.00032049957710765005
216,A.D. 2026-Aug-05 00:00:00.0000,0.0,0.0,2648.027864021298,0.000781189152724325,2819.4475486631422,0.00030225434440056835
217,A.D. 2026-Aug-06 00:00:00.0000,0.0,0.0,2628.29864910125,0.0007755474219490821,2804.472073671381,0.00033727297774864
218,A.D. 2026-Aug-07 00:00:00.0000,0.0,0.0,2611.614549399786,0.0007691637392686498,2781.113978858962,0.00041351894811023554
219,A.D. 2026-Aug-08 00:00:00.0000,0.0,0.0,2597.9772686059014,0.0007620367473011283,2749.247953217451,0.0005124106619457402
220,A.D. 2026-Aug-09 00:00:00.0000,0.0,0.0,2587.360032293607,0.0007541844363461992,2709.469129628634,0.0006208431984166738
221,A.D. 2026-Aug-10 00:00:00.0000,0.0,0.0,2579.706709082116,0.0007456532009589712,2663.216582544553,0.000730234702827114
222,A.D. 2026-Aug-11 00:00:00.0000,0.0,0.0,2574.9328581322457,0.0007365233926313403,2612.8301176127134,0.0008341635416617937
223,A.D. 2026-Aug-12 00:00:00.0000,0.0,0.0,2572.9294153952305,0.000726905387923251,2561.4609456032736,0.0009274910244096909
224,A.D. 2026-Aug-13 00:00:00.0000,0.0,0.0,2573.5689147961475,0.0007169239351857734,2512.789792673801,0.001006405226062475
225,A.D. 2026-Aug-14 00:00:00.0000,0.0,0.0,2576.7130086160537,0.0007066956203565219,2470.584365026041,0.0010686815924527667
226,A.D. 2026-Aug-15 00:00:00.0000,0.0,0.0,2582.219407904151,0.000696309347537391,2438.2078154670257,0.0011137270472055094
227,A.D. 2026-Aug-16 00:00:00.0000,0.0,0.0,2589.94671971888,0.0006858176916771822,2418.215658609021,0.0011422850995461867
228,A.D. 2026-Aug-17 00:00:00.0000,0.0,0.0,2599.7567565733325,0.000675240103802849,2412.134682462645,0.0011559197376104753
229,A.D. 2026-Aug-18 00:00:00.0000,0.0,0.0,2611.514899220691,0.0006645732371690923,2420.4389756530118,0.001156477667403072
230,A.D. 2026-Aug-19 00:00:00.0000,0.0,0.0,2625.089506422442,0.0006538023954284552,2442.6740636583027,0.0011456742123128775
231,A.D. 2026-Aug-20 00:00:00.0000,0.0,0.0,2640.351218057894,0.0006429102610610314,2477.6548120123975,0.0011248513684105985
232,A.D. 2026-Aug-21 00:00:00.0000,0.0,0.0,2657.1726153085574,0.0006318817048176104,2523.6714331013304,0.0010948877581063367
233,A.D. 2026-Aug-22 00:00:00.0000,0.0,0.0,2675.428353359355,0.0006207050672338357,2578.663106467063,0.0010562161667480915
234,A.D. 2026-Aug-23 00:00:00.0000,0.0,0.0,2694.9956620532002,0.0006093707976808203,2640.3450297204226,0.0010089094908094895
235,A.D. 2026-Aug-24 00:00:00.0000,0.0,0.0,2715.754999590836,0.0005978682919748743,2706.294322149615,0.0009528104194490353
236,A.D. 2026-Aug-25 00:00:00.0000,0.0,0.0,2737.59059732987,0.0005861816813551844,2774.011356533935,0.0008876915315996081
237,A.D. 2026-Aug-26 00:00:00.0000,0.0,0.0,2760.3906297144526,0.0005742854291921418,2840.976847197359,0.0008134357981942982
238,A.D. 2026-Aug-27 00:00:00.0000,0.0,0.0,2784.04678173286,0.0005621408742198312,2904.722712253493,0.0007302231578405612
239,A.D. 2026-Aug-28 00:00:00.0000,0.0,0.0,2808.453097326448,0.0005496950927249078,2962.9272072143285,0.0006387022183178189
240,A.D. 2026-Aug-29 00:00:00.0000,0.0,0.0,2833.5041791887115,0.0005368831502340567,3013.533282894149,0.0005401294702385385
241,A.D. 2026-Aug-30 00:00:00.0000,0.0,0.0,2859.0930400802335,0.0005236339489637047,3054.87644605788,0.00043649795675354465
242,A.D. 2026-Aug-31 00:00:00.0000,0.0,0.0,2885.1090822557876,0.0005098784761646369,3085.799547102828,0.00033083268883713656
243,A.D. 2026-Sep-01 00:00:00.0000,0.0,0.0,2911.436700179292,0.0004955580144638156,3105.731969399676,0.00022849659260111815
244,A.D. 2026-Sep-02 00:00:00.0000,0.0,0.0,2937.9548242042756,0.0004806297854957753,3114.7212037183012,0.00014399880922349442
245,A.D. 2026-Sep-03 00:00:00.0000,0.0,0.0,2964.537402586081,0.0004650687059309159,3113.4212819174722,0.0001231177697479078
246,A.D. 2026-Sep-04 00:00:00.0000,0.0,0.0,2991.0545398138834,0.00044886592356621483,3103.05603878907,0.00018457583786558112
247,A.D. 2026-Sep-05 00:00:00.0000,0.0,0.0,3017.3739203861533,0.0004320264396701507,3085.377030998717,0.00027352248767230396
248,A.D. 2026-Sep-06 00:00:00.0000,0.0,0.0,3043.362286126126,0.0004145684364629016,3062.622972563141,0.0003656264361048003
249,A.D. 2026-Sep-07 00:00:00.0000,0.0,0.0,3068.8870087668174,0.00039652565169099663,3037.464491131713,0.0004537912561388835
250,A.D. 2026-Sep-08 00:00:00.0000,0.0,0.0,3093.8180218481534,0.0003779517272675957,3012.8973800340486,0.0005345942567773192
251,A.D. 2026-Sep-09 00:00:00.0000,0.0,0.0,3118.0303528180466,0.00035892310902558314,2992.046202134643,0.0006056090761054555
252,A.D. 2026-Sep-10 00:00:00.0000,0.0,0.0,3141.4071758312325,0.0003395364872136233,2977.870091239202,0.000664979961862016
253,A.D. 2026-Sep-11 00:00:00.0000,0.0,0.0,3163.842846561478,0.0003198990593571737,2972.816949513582,0.0007115155514939094
254,A.D. 2026-Sep-12 00:00:00.0000,0.0,0.0,3185.2451118229155,0.0003001140986460806,2978.5193697281666,0.0007448349944549788
255,A.D. 2026-Sep-13 00:00:00.0000,0.0,0.0,3205.535857400156,0.0002802673909657082,2995.6279953231815,0.000765385505065426
256,A.D. 2026-Sep-14 00:00:00.0000,0.0,0.0,3224.6502840105113,0.0002604197064577782,3023.8266088133173,0.000774298331573761
257,A.D. 2026-Sep-15 00:00:00.0000,0.0,0.0,3242.534967959621,0.00024060708809139087,3062.0003680805467,0.0007731455637215376
258,A.D. 2026-Sep-16 00:00:00.0000,0.0,0.0,3259.14551590868,0.00022084706717918705,3108.4800017006733,0.0007636912736624901
259,A.D. 2026-Sep-17 00:00:00.0000,0.0,0.0,3274.4444479786966,0.00020114734707625537,3161.2812170939883,0.0007477085409214612
260,A.D. 2026-Sep-18 00:00:00.0000,0.0,0.0,3288.3996633383385,0.00018151400979416708,3218.2873510674103,0.0007268924877642616
261,A.D. 2026-Sep-19 00:00:00.0000,0.0,0.0,3300.9835631510273,0.00016195777595473057,3277.359081913734,0.0007028656407986385
262,A.D. 2026-Sep-20 00:00:00.0000,0.0,0.0,3312.1727108936093,0.00014249824235652736,3336.380918859167,0.0006772533384131023
263,A.D. 2026-Sep-21 00:00:00.0000,0.0,0.0,3321.947808169157,0.00012316725422195098,3393.266779182399,0.0006517962879895691
264,A.D. 2026-Sep-22 00:00:00.0000,0.0,0.0,3330.293715943989,0.00010401440075893776,3445.95040250904,0.000628452724806243
265,A.D. 2026-Sep-23 00:00:00.0000,0.0,0.0,3337.1992286858717,8.512261247815773e-05,3492.385525637222,0.0006094174866278558
266,A.D. 2026-Sep-24 00:00:00.0000,0.0,0.0,3342.656311673217,6.665854165488635e-05,3530.5778518560646,0.000596962680642874
267,A.D. 2026-Sep-25 00:00:00.0000,0.0,0.0,3346.658575560043,4.904781453857219e-05,3558.664946414629,0.0005930316306821618
268,A.D. 2026-Sep-26 00:00:00.0000,0.0,0.0,3349.1989387018752,3.3662748176231564e-05,3575.0486105480645,0.0005986516418970585
269,A.D. 2026-Sep-27 00:00:00.0000,0.0,0.0,3350.266736152806,2.525635062703762e-05,3578.5657004110813,0.0006134311498206071
270,A.D. 2026-Sep-28 00:00:00.0000,0.0,0.0,3349.844898016393,3.0790924888055575e-05,3568.6616657567242,0.0006354664998864433
271,A.D. 2026-Sep-29 00:00:00.0000,0.0,0.0,3347.9080429401824,4.592917856815513e-05,3545.5170154057237,0.0006617547903379141
272,A.D. 2026-Sep-30 00:00:00.0000,0.0,0.0,3344.4221975732726,6.466700900809857e-05,3510.082972827612,0.0006888837548939738
273,A.D. 2026-Oct-01 00:00:00.0000,0.0,0.0,3339.3463193360753,8.503889772237317e-05,3464.01186410287,0.0007136567866601887
274,A.D. 2026-Oct-02 00:00:00.0000,0.0,0.0,3332.635133163348,0.00010641416058859335,3409.5066041129217,0.0007334417432888851
275,A.D. 2026-Oct-03 00:00:00.0000,0.0,0.0,3324.2423893569776,0.00012851452013088187,3349.1387799158297,0.0007462260166033216
276,A.D. 2026-Oct-04 00:00:00.0000,0.0,0.0,3314.123734440237,0.0001511715385512993,3285.6813907381506,0.000750486738352579
277,A.D. 2026-Oct-05 00:00:00.0000,0.0,0.0,3302.2388327933386,0.00017425808125642975,3221.9750109802562,0.0007450202088578614
278,A.D. 2026-Oct-06 00:00:00.0000,0.0,0.0,3288.552860283158,0.00019766356781180972,3160.8140671904816,0.0007288434695536094
279,A.D. 2026-Oct-07 00:00:00.0000,0.0,0.0,3273.037741060924,0.00022128154577517731,3104.8226103720644,0.0007012169990978456
280,A.D. 2026-Oct-08 00:00:00.0000,0.0,0.0,3255.6734364332747,0.00024500306396542094,3056.296204744819,0.0006617710537681011
281,A.D. 2026-Oct-09 00:00:00.0000,0.0,0.0,3236.449323701509,0.00026871563092403664,3017.014854244984,0.0006106740421532071
282,A.D. 2026-Oct-10 00:00:00.0000,0.0,0.0,3215.36541489217,0.0002923076094238018,2988.065538290878,0.0005487786010503126
283,A.D. 2026-Oct-11 00:00:00.0000,0.0,0.0,3192.433039028446,0.00031567598871987075,2969.7304794978195,0.00047773259816703503
284,A.D. 2026-Oct-12 00:00:00.0000,0.0,0.0,3167.674722594462,0.0003387340566980069,2961.48453161187,0.0004001655613308251
285,A.D. 2026-Oct-13 00:00:00.0000,0.0,0.0,3141.123275833044,0.000361415807719405,2962.1071058812995,0.00032033824042466475
286,A.D. 2026-Oct-14 00:00:00.0000,0.0,0.0,3112.8203610359915,0.00038367574071743204,2969.8731711103032,0.00024638599620974215
287,A.D. 2026-Oct-15 00:00:00.0000,0.0,0.0,3082.814947406551,0.00040548480532168755,2982.7666816755736,0.00019629151019785745
288,A.D. 2026-Oct-16 00:00:00.0000,0.0,0.0,3051.1620144320846,0.00042682446340432063,2998.665094778294,0.00019851925155855892
289,A.D. 2026-Oct-17 00:00:00.0000,0.0,0.0,3017.921713640808,0.00044768098077135725,3015.465729887304,0.0002570723014010586
290,A.D. 2026-Oct-18 00:00:00.0000,0.0,0.0,2983.159030448385,0.00046804153896784885,3031.1489279502775,0.00034778003820484094
291,A.D. 2026-Oct-19 00:00:00.0000,0.0,0.0,2946.9438480092194,0.00048789313380876364,3043.7900987373428,0.0004540239051403655
292,A.D. 2026-Oct-20 00:00:00.0000,0.0,0.0,2909.3512245080697,0.0005072248037820498,3051.541434610568,0.0005686411724049547
293,A.D. 2026-Oct-21 00:00:00.0000,0.0,0.0,2870.4616206027677,0.0005260335111264183,3052.607355633209,0.0006879972525740077
294,A.D. 2026-Oct-22 00:00:00.0000,0.0,0.0,2830.360755116696,0.0005443335666988007,3045.2388841717075,0.0008092698930484004
295,A.D. 2026-Oct-23 00:00:00.0000,0.0,0.0,2789.1387337507767,0.00056216835188473,3027.771842130995,0.0009293257074611937
296,A.D. 2026-Oct-24 00:00:00.0000,0.0,0.0,2746.8881542426425,0.0005796209474236943,2998.729095715354,0.0010442454812520346
297,A.D. 2026-Oct-25 00:00:00.0000,0.0,0.0,2703.7011435962163,0.0005968176205892639,2956.9923780184113,0.0011492792362556696
298,A.D. 2026-Oct-26 00:00:00.0000,0.0,0.0,2659.665787372969,0.0006139171205005102,2902.0205439789406,0.001239222069917676
299,A.D. 2026-Oct-27 00:00:00.0000,0.0,0.0,2614.8630311626907,0.0006310826684488187,2834.0545172317024,0.0013091611186457316
300,A.D. 2026-Oct-28 00:00:00.0000,0.0,0.0,2569.365466100526,0.0006484432614105728,2754.22632920539,0.0013553758295028395
301,A.D. 2026-Oct-29 00:00:00.0000,0.0,0.0,2523.2389841836366,0.0006660607092918998,2664.507549096187,0.0013760284177681832
302,A.D. 2026-Oct-30 00:00:00.0000,0.0,0.0,2476.5471191816305,0.0006839188951512523,2567.495620560488,0.00137132348620665
303,A.D. 2026-Oct-31 00:00:00.0000,0.0,0.0,2429.3566769078975,0.0007019392520637796,2466.109732848448,0.0013430739382013445
304,A.D. 2026-Nov-01 00:00:00.0000,0.0,0.0,2381.7428669537508,0.0007200111981240154,2363.299939253048,0.0012939124027677763
305,A.D. 2026-Nov-02 00:00:00.0000,0.0,0.0,2333.7927917379347,0.0007380207201365979,2261.84526644787,0.0012265196708354865
306,A.D. 2026-Nov-03 00:00:00.0000,0.0,0.0,2285.607177119027,0.0007558666039442534,2164.255960603035,0.0011431523452199405
307,A.D. 2026-Nov-04 00:00:00.0000,0.0,0.0,2237.30098662321,0.0007734635787798423,2072.744404319374,0.0010455574489564921
308,A.D. 2026-Nov-05 00:00:00.0000,0.0,0.0,2189.0037113718363,0.000790738058100121,1989.2116185491957,0.0009352038800377921
309,A.D. 2026-Nov-06 00:00:00.0000,0.0,0.0,2140.8598844518574,0.0008076229076068914,1915.2095723424875,0.0008137045694567595
310,A.D. 2026-Nov-07 00:00:00.0000,0.0,0.0,2093.02998967738,0.0008240555216920317,1851.8695535243405,0.0006833598050854306
311,A.D. 2026-Nov-08 00:00:00.0000,0.0,0.0,2045.6916255546244,0.0008399802830630425,1799.8180811676725,0.0005479680660068868
312,A.D. 2026-Nov-09 00:00:00.0000,0.0,0.0,1999.0406343520576,0.0008553538868013421,1759.1207214034944,0.0004147244264076381
313,A.D. 2026-Nov-10 00:00:00.0000,0.0,0.0,1953.291919391268,0.0008701507561722874,1729.2916790705847,0.00030029522185742193
314,A.D. 2026-Nov-11 00:00:00.0000,0.0,0.0,1908.6797872977,0.000884366023356674,1709.383765820439,0.0002452902290626821
315,A.D. 2026-Nov-12 00:00:00.0000,0.0,0.0,1865.457792353013,0.0008980148853286818,1698.1417252506303,0.00029075437067319136
316,A.D. 2026-Nov-13 00:00:00.0000,0.0,0.0,1823.898149584359,0.0009111287664656588,1694.1792683794881,0.00040432930683121136
317,A.D. 2026-Nov-14 00:00:00.0000,0.0,0.0,1784.2907854695848,0.0009237498527895761,1696.136828550021,0.0005436413641218559
318,A.D. 2026-Nov-15 00:00:00.0000,0.0,0.0,1746.9420325867584,0.000935925895723135,1702.7902916757043,0.0006916609088835468
319,A.D. 2026-Nov-16 00:00:00.0000,0.0,0.0,1712.172880752564,0.0009477068794860644,1713.100119330987,0.0008422143427087558
320,A.D. 2026-Nov-17 00:00:00.0000,0.0,0.0,1680.3166205706164,0.0009591447960809978,1726.205808334238,0.0009926193794900986
321,A.D. 2026-Nov-18 00:00:00.0000,0.0,0.0,1651.7156600860403,0.0009702970410982605,1741.3790686911561,0.001141183435827674
322,A.D. 2026-Nov-19 00:00:00.0000,0.0,0.0,1626.7173107000813,0.000981233996009789,1757.9523167902032,0.001286091690836105
323,A.D. 2026-Nov-20 00:00:00.0000,0.0,0.0,1605.6683330840208,0.0009920497557709248,1775.2408021807898,0.001424720763321663
324,A.D. 2026-Nov-21 00:00:00.0000,0.0,0.0,1588.908071391496,0.0010028736659386853,1792.4797939708367,0.001553180474833358
325,A.D. 2026-Nov-22 00:00:00.0000,0.0,0.0,1576.760032788064,0.0010138770167444965,1808.8022066172396,0.0016661552313443862
326,A.D. 2026-Nov-23 00:00:00.0000,0.0,0.0,1569.521916615389,0.0010252657870036602,1823.281653320948,0.0017572281983106064
327,A.D. 2026-Nov-24 00:00:00.0000,0.0,0.0,1567.4544737321053,0.0010372517139192851,1835.051998564536,0.0018198302271173197
328,A.D. 2026-Nov-25 00:00:00.0000,0.0,0.0,1570.770280051494,0.0010500037417932532,1843.481607989588,0.0018487023233914426
329,A.D. 2026-Nov-26 00:00:00.0000,0.0,0.0,1579.6242913923627,0.001063598409699494,1848.3401158311199,0.00184137257166509
330,A.D. 2026-Nov-27 00:00:00.0000,0.0,0.0,1594.1082725658066,0.0010779971054568599,1849.879272794698,0.0017989328678825614
331,A.D. 2026-Nov-28 00:00:00.0000,0.0,0.0,1614.2503410354839,0.0010930657498303905,1848.7835793201095,0.0017256681532059
332,A.D. 2026-Nov-29 00:00:00.0000,0.0,0.0,1640.019269630662,0.0011086249386662568,1846.0155152828893,0.0016277371034180562
333,A.D. 2026-Nov-30 00:00:00.0000,0.0,0.0,1671.3319135734096,0.0011245013237631896,1842.632402786351,0.0015116095689030875
334,A.D. 2026-Dec-01 00:00:00.0000,0.0,0.0,1708.0618952277744,0.001140557832164473,1839.6515316804205,0.0013829575061233142
335,A.D. 2026-Dec-02 00:00:00.0000,0.0,0.0,1750.0482732009873,0.001156699391148046,1837.9998590433759,0.0012463145636720152
336,A.D. 2026-Dec-03 00:00:00.0000,0.0,0.0,1797.103664299038,0.001172863380121865,1838.5410689239147,0.001105456395615657
337,A.D. 2026-Dec-04 00:00:00.0000,0.0,0.0,1849.0216688429784,0.0011890059706027812,1842.1486453227199,0.0009643388710728811
338,A.D. 2026-Dec-05 00:00:00.0000,0.0,0.0,1905.583626094482,0.0012050917064872532,1849.7890360643012,0.0008285474558947705
339,A.D. 2026-Dec-06 00:00:00.0000,0.0,0.0,1966.5646927613677,0.0012210885681616893,1862.5845009658456,0.0007073713342556317
340,A.D. 2026-Dec-07 00:00:00.0000,0.0,0.0,2031.7392231020917,0.0012369680041845897,1881.8341954605712,0.0006161315031443088
341,A.D. 2026-Dec-08 00:00:00.0000,0.0,0.0,2100.8854061729967,0.001252707930472979,1908.9826145459442,0.0005752547272877121
342,A.D. 2026-Dec-09 00:00:00.0000,0.0,0.0,2173.7891064307146,0.0012682963775967379,1945.5370388088938,0.0005990048743954862
343,A.D. 2026-Dec-10 00:00:00.0000,0.0,0.0,2250.246854100414,0.0012837338275863022,1992.9490753475775,0.0006819212809154979
344,A.D. 2026-Dec-11 00:00:00.0000,0.0,0.0,2330.067952627281,0.0012990331484968854,2052.486043846981,0.0008051797751731651
345,A.D. 2026-Dec-12 00:00:00.0000,0.0,0.0,2413.075726432772,0.0013142171252807278,2125.1209096592365,0.0009512435117814514
346,A.D. 2026-Dec-13 00:00:00.0000,0.0,0.0,2499.108007098344,0.0013293145385019725,2211.462053431066,0.0011085806529466714
347,A.D. 2026-Dec-14 00:00:00.0000,0.0,0.0,2588.0170398776577,0.0013443562797294654,2311.7286870006187,0.0012703384699212924
348,A.D. 2026-Dec-15 00:00:00.0000,0.0,0.0,2679.6690586672166,0.0013593730548261762,2425.760627697328,0.0014324277371015894
349,A.D. 2026-Dec-16 00:00:00.0000,0.0,0.0,2773.943813073798,0.0013743959540612554,2553.0391957608063,0.0015921660421249653
350,A.D. 2026-Dec-17 00:00:00.0000,0.0,0.0,2870.7343319379515,0.0013894607139789017,2692.6927920353014,0.0017473218974224153
351,A.D. 2026-Dec-18 00:00:00.0000,0.0,0.0,2969.947161734344,0.0014046158065755964,2843.4664427519533,0.0018953479298818013
352,A.D. 2026-Dec-19 00:00:00.0000,0.0,0.0,3071.5031887220266,0.0014199332261586068,3003.6485574540766,0.002032723946503398
353,A.D. 2026-Dec-20 00:00:00.0000,0.0,0.0,3175.3388852531175,0.0014355185909583352,3170.9708355451285,0.0021544706901621205
354,A.D. 2026-Dec-21 00:00:00.0000,0.0,0.0,3281.4073771568883,0.0014515132051908014,3342.5285384362546,0.002254032269666102
355,A.D. 2026-Dec-22 00:00:00.0000,0.0,0.0,3389.678142387565,0.0014680789295765586,3514.8000965300357,0.002323810330085186
356,A.D. 2026-Dec-23 00:00:00.0000,0.0,0.0,3500.133913506832,0.0014853593865333794,3683.852870121749,0.0023565338976716545
357,A.D. 2026-Dec-24 00:00:00.0000,0.0,0.0,3612.763932439758,0.0015034249229325396,3845.771068242052,0.002347251937829385
358,A.D. 2026-Dec-25 00:00:00.0000,0.0,0.0,3727.5545261507073,0.0015222279823689244,3997.2252954933374,0.002295176172539263
359,A.D. 2026-Dec-26 00:00:00.0000,0.0,0.0,3844.4800446214513,0.0015415994630596612,4135.985724265043,0.002204371355766929
360,A.D. 2026-Dec-27 00:00:00.0000,0.0,0.0,3963.497675318318,0.001561293413170848,4261.1713013556455,0.0020828151190197745
361,A.D. 2026-Dec-28 00:00:00.0000,0.0,0.0,4084.547685427243,0.0015810542212375276,4373.160259750009,0.0019403352375562872
362,A.D. 2026-Dec-29 00:00:00.0000,0.0,0.0,4207.557780277076,0.0016006697227942232,4473.260474944551,0.0017865297224439701
363,A.D. 2026-Dec-30 00:00:00.0000,0.0,0.0,4332.44876441281,0.0016199916508145373,4563.319422931179,0.0016295563707328545
364,A.D. 2026-Dec-31 00:00:00.0000,0.0,0.0,4459.139177032959,0.001638928575530244,4645.415030442262,0.0014760326019850653
365,A.D. 2027-Jan-01 00:00:00.0000,0.0,0.0,4587.547978405298,0.0016574267311078303,4721.679785969019,0.0013317946352155038
